
INSERT INTO apartment_info(id,number_of_rooms,price)
VALUES (1,'2','2000'),
       (2,'1','1300'),
       (3,'1','1200'),
       (4,'2','2000'),
       (5,'3','3000'),
       (6,'1','1500'),
       (7,'1','1000'),
       (8,'2','2000');

INSERT INTO address_apartment(id,city,street,number_house,number_apartment,apartment_id)
VALUES (1,'Пенза','Калинина','4','1',1),
       (2,'Пенза','Калинина','4','131',2),
       (3,'Пенза','Измайлова','60','25',3),
       (4,'Пенза','Измайлова','60','26',4),
       (5,'Пенза','Измайлова','60А','54',5),
       (6,'Пенза','Ладожская','115','80',6),
       (7,'Пенза','Ладожская','113','73',7),
       (8,'Пенза','Лядова','54','77',8);

INSERT INTO client_info(id,first_name,last_name,number_passport,number_phone)
VALUES (1,'Иван','Иванов','56 12 345678','+79271227834'),
       (2,'Петр','Петров','56 12 121212','+79271211233'),
       (3,'Сергей','Иванов','56 12 454545','+79277689320'),
       (4,'Иван','Сидоров','56 12 676767','+79272567129'),
       (5,'Екатерина','Белова','56 12 787878','+79965124382'),
       (6,'Людмила','Чернова','56 12 405060','+79967905436'),
       (7,'Борис','Николаев','56 12 213141','+79911552005'),
       (8,'Игорь','Баженов','56 12 425262','+79004154252'),
       (9,'Игорь','Чинов','56 12 738393','+79184367281'),
       (10,'Сергей','Ивашкин','56 12 647484','+79186668899');

INSERT INTO  api_key(id, name, value)
VALUES (1,'api.opencagedata.com','4418432e4db9417e9354db31a4990232');


INSERT INTO apartment_info(id,number_of_rooms,price)
VALUES (9,'2','2000'),
       (10,'1','1300'),
       (11,'1','1200'),
       (12,'2','2000'),
       (13,'3','3000'),
       (14,'1','1500'),
       (15,'1','1000'),
       (16,'2','2000'),
       (17,'1','1000'),
       (18,'2','2000');

INSERT INTO address_apartment(id,city,street,number_house,number_apartment,apartment_id)
VALUES (9,'Москва','Тверская','4','1',9),
       (10,'Москва','Тверская','4','13',10),
       (11,'Москва','Богданова','111','66',11),
       (12,'Москва','Вишневая','32','296',12),
       (13,'Москва','Глебовская','55','5',13),
       (14,'Москва','Донецкая','115','8',14),
       (15,'Пенза','Измайлова','60А','55',15),
       (16,'Пенза','Ладожская','115','81',16),
       (17,'Пенза','Ладожская','113','74',17),
       (18,'Пенза','Лядова','54','79',18);
INSERT INTO  raiting_info(id,message,raiting,apartment_id)
VALUES (1,'Отлично',5,1),
       (2,'Отлично',5,1),
       (3,'Хорошо',4,1),
       (4,'Отлично',5,11),
       (5,'Хорошо',4,11),
       (6,'Хорошо',4,12),
       (7,'Удовлетворительно',3,12),
       (8,'Плохо',2,13),
       (9,'Отвратительно',1,13),
       (10,'Отлично',5,14),
       (11,'Отлично',5,14),
       (12,'Хорошо',4,15),
       (13,'Плохо',2,15),
       (14,'Отвратительно',1,16),
       (15,'Отлично',5,16),
       (16,'Отлично',5,17),
       (17,'Удовлетворительно',3,17),
       (18,'Отлично',5,18),
       (19,'Отлично',5,18),
       (20,'Отлично',5,2),
       (21,'Отлично',5,2);

INSERT INTO promotion_product(id,name_product,description,discount)
VALUES (1,'Старые друзья','От 3-х и более бронирований предоставляется скидка 10%  постоянным клиентам',10),
       (2,'Гость','При бронировании иногороднего гостя предоставляется скидка 15%',15),
       (3,'День рождениия','При бронировании в день рождения клиента предоставляется скидка 20%',20),
       (4,'Первое бронирование','При первом бронировании предоставляется скидка 5%',10),
       (5,'Скидки в Санкт-Петербурге','При бронировании в г.Санкт-Петербург предоставляется скидка 5%',5),
       (6,'Отличный отпуск','При бронировании более 7 дней предоставляется скидка 20%.',20);





INSERT INTO  smtp(id,host,port,user_name,password)
VALUES (1,'smtp.yandex.ru','465','korolyuk.karina@yandex.ru', 'pzxfvuatlcpyhkjx');

